Gene name,Chromosome/scaffold name,Gene start (bp),Gene end (bp)
FAM168B,2,131047876,131093460
SH3PXD2B,5,172325000,172454525
DENND3,8,141117278,141195808
RGPD3,2,106391290,106468376
CD300LB,17,74521174,74531475
MCRIP1,17,81822361,81833302
NACA,12,56712427,56731628
KIF2A,5,62306162,62537249
SGK1,6,134169246,134318112
SNAP23,15,42491233,42545356
HAX1,1,154272589,154275875
FXYD1,19,35138808,35143109
TLR4,9,117704175,117724735
APBB1,11,6395124,6419414
PSMD11,17,32444379,32483319
MEN1,11,64803510,64811294
CBX4,17,79833156,79839440
SUPT5H,19,39436156,39476670
HIP1,7,75533298,75738962
EIF3F,11,7970251,8001862
CDC7,1,91500851,91525764
ARNTL,11,13276652,13387266
PIK3CD,1,9651731,9729114
DCTN6,8,30156319,30183639
WASL,7,123681943,123749003
EEF2K,16,22206278,22288738
DNM1L,12,32679200,32745650
PIK3C2A,11,17077730,17207983
PLK4,4,127880893,127899224
NR5A2,1,200027614,200177420
SDCBP,8,58552924,58582859
PITPNM1,11,67491768,67506263
MPHOSPH10,2,71130632,71150101
DDX3X,X,41333284,41364472
SLN,11,107707378,107719693
E2F3,6,20401879,20493714
ACACB,12,109116595,109268226
SCD,10,100347233,100364826
DLGAP1,18,3496032,4455307
CLDN4,7,73799542,73832693
ARID1A,1,26693236,26782104
BHLHE40,3,4979437,4985323
CDK2AP1,12,123250112,123272334
PTPRT,20,42072752,43189970
SOCS3,17,78356778,78360077
HSPB6,19,35754566,35758079
ENPP3,6,131628442,131747418
DVL2,17,7225342,7234517
KCNK3,2,26692690,26733420
KMT2D,12,49018975,49059774
ITGB1BP1,2,9403475,9423547
RGPD8,2,112368369,112434488
APAF1,12,98645141,98735433
MAP2K7,19,7903843,7914478
PDCD5,19,32581190,32587453
PRMT5,14,22920525,22929408
SLC9A3R1,17,74748628,74769353
TERT,5,1253147,1295068
CHEK1,11,125625665,125676255
TPP1,11,6612768,6619448
NDC80,18,2571557,2616635
PHOX2A,11,72239077,72245664
PSMA7,20,62136733,62143440
IKBKB,8,42271302,42332653
RGS13,1,192636138,192660306
CASK,X,41514934,41923645
PLD2,17,4807152,4823434
MYL12B,18,3261479,3278431
CASQ2,1,115700007,115768781
PPP1R12A,12,79773563,79935460
XPO1,2,61477849,61538626
PIP5K1B,9,68705240,69009176
ZNF609,15,64460742,64686068
SEC16A,9,136440096,136483759
AREL1,14,74653437,74713108
PER2,2,238244044,238290102
SYNJ2,6,157981863,158099176
ANKRD28,3,15667236,15859771
CHUK,10,100188300,100229596
FYB1,5,39105252,39274528
TBX3,12,114670255,114684175
ARPC1B,7,99374249,99394816
MDM4,1,204516379,204558120
PLSCR1,3,146515180,146544856
AXIN1,16,287440,352723
SMAD9,13,36844831,36920765
GSTA4,6,52977948,52995304
NPHP1,2,110122311,110205066
MAPK13,6,36127809,36144524
SHOX,X,624344,659411
SPTLC1,9,92000087,92115413
TCAP,17,39665349,39666554
FANCG,9,35073835,35080016
OGT,X,71533104,71575892
PPM1D,17,60600183,60666280
SIVA1,14,104753147,104768494
TP73,1,3652516,3736201
PPM1G,2,27381195,27409591
FANCA,16,89737549,89816657
HDAC3,5,141620876,141636849
CD3EAP,19,45406209,45410766
TLR3,4,186069152,186088069
RGS16,1,182598623,182604389
ARPC5,1,183620846,183635783
CLOCK,4,55427903,55546909
CFLAR,2,201116154,201176687
DDX3Y,Y,12904108,12920478
MAFG,17,81918270,81927735
PDPK1,16,2537979,2603188
CLDN3,7,73768997,73770270
MEFV,16,3242028,3256627
KCNN4,19,43766533,43781257
RNMT,18,13726660,13764558
TTI1,20,37983007,38033461
PLXNB1,3,48403854,48430086
PJA2,5,109334713,109409974
PHGDH,1,119648411,119744226
NDUFS4,5,53560633,53683338
SIAH2,3,150741125,150763477
ZNHIT1,7,101218165,101224190
DAPK3,19,3958453,3971123
TGFB1I1,16,31471585,31477960
CCP110,16,19523811,19553408
MTSS1,8,124550790,124728429
AQP9,15,58138169,58185911
MAP3K7,6,90513573,90587072
RIPK2,8,89757806,89791064
WDR62,19,36054881,36105108
PRPF3,1,150321479,150353233
EIF4G3,1,20806292,21176888
HTRA2,2,74529377,74533348
PROM1,4,15963076,16084378
LAMTOR5,1,110401249,110407942
WIPF1,2,174559572,174682916
BCL2L11,2,111119378,111168445
FOXO3,6,108559835,108684774
KCNQ2,20,63400210,63472677
SMAD6,15,66702236,66782849
XRCC3,14,103697609,103715504
LAT,16,28984826,28990783
SPRY2,13,80335976,80341126
DCX,X,111293779,111412429
HCRTR1,1,31617686,31632518
SNAI2,8,48917598,48921740
PLRG1,4,154535005,154550400
PRC1,15,90966040,90995629
RGS10,10,119499817,119542719
BUB1,2,110637528,110678063
BUB3,10,123154402,123170467
ENSA,1,150600851,150629612
SPOP,17,49598884,49678163
AKAP8,19,15353385,15379798
CALU,7,128739292,128773400
AIRE,21,44285838,44298648
RAD21,8,116845934,116874776
KALRN,3,124080023,124726325
PPP1R12B,1,202348699,202592706
MED14,X,40648305,40735858
PRKN,6,161347417,162727771
SPAG9,17,50962174,51120868
NUAK1,12,106063340,106140033
PIP5K1C,19,3630183,3700479
KDM1A,1,23019443,23083689
TBC1D4,13,75283503,75482169
PHLPP1,18,62715541,62980433
HBP1,7,107168961,107202522
DLX3,17,49990005,49995224
NPHS1,19,35825964,35869287
SORBS3,8,22544986,22575788
CCNT1,12,48688458,48716998
BUB1B,15,40161023,40221136
DIAPH1,5,141515016,141619055
RAD1,5,34905260,34918989
REV3L,6,111299028,111483715
JAK2,9,4984390,5128183
UGDH,4,39498755,39528311
CTNND1,11,57753243,57819546
H2BC12,6,27146418,27146798
PFKFB2,1,207034366,207081024
PAGE4,X,49829260,49834264
KCNJ13,2,232765802,232776565
NBN,8,89933336,90003228
NOL3,16,67170154,67175735
DTNB,2,25377198,25673647
MITF,3,69739435,69968337
PLXNA2,1,208022242,208244384
DNAJC6,1,65248219,65415871
ROCK2,2,11179759,11348330
CLASP2,3,33496245,33718356
ATG13,11,46617527,46674818
RNF40,16,30761745,30776307
PHF2,9,93576584,93679587
ZC3H11A,1,203795654,203854999
RAB11FIP3,16,425649,523011
PPP6R2,22,50343304,50445090
ANKRD17,4,73073376,73258798
NCOR1,17,16029157,16218185
ULK1,12,131894622,131923150
TACC1,8,38728186,38853028
KATNA1,6,149594873,149648972
ERN1,17,64039142,64130819
E2F6,2,11444375,11466177
NR1I2,3,119780484,119818485
PSIP1,9,15464066,15510995
GMNN,6,24774931,24786099
BANF1,11,66002228,66004149
SF3B1,2,197388515,197435091
LRP6,12,12116025,12267044
RPS6KA5,14,90847861,91060641
MYCBP2,13,77044657,77327094
USP2,11,119355215,119381711
ERAL1,17,28855010,28861061
REM1,20,31475288,31484895
RPS6KA4,11,64359148,64372215
PPM1B,2,44167969,44244384
ADAP1,7,897900,955407
STK16,2,219245455,219250337
TRPA1,8,72019917,72075584
EIF3J,15,44537125,44563029
STAM2,2,152116801,152175763
PIAS1,15,68054179,68198603
RAD17,5,69369293,69414801
CABYR,18,24138956,24161603
FLOT1,6,30727709,30742732
TRIO,5,14143342,14532128
RSL1D1,16,11833850,11851580
CDKL5,X,18425583,18653629
SEC14L2,22,30396941,30425303
STC2,5,173314713,173329503
PDE5A,4,119494397,119628804
BEST1,11,61950063,61965515
TRPM2,21,44350163,44443081
RECQL4,8,144511288,144517845
RECQL5,17,75626845,75667189
URI1,19,29923644,30016612
USP1,1,62436297,62451804
PRKD3,2,37250502,37324808
TPPP,5,659862,693352
PHF14,7,10973336,11169630
PCF11,11,83156988,83187451
NFAT5,16,69565094,69704666
GLS,2,190880821,190965552
HEXIM1,17,45148502,45152101
UBR5,8,102252273,102412759
MFN2,1,11980181,12013514
CACNA1H,16,1153106,1221771
LETM1,4,1811479,1856156
KIF20A,5,138178719,138187723
SPDEF,6,34537802,34556333
KIF4A,X,70290104,70420886
MBD4,3,129430944,129440179
KAT7,17,49788681,49835026
RASGRP1,15,38488103,38565575
TNKS,8,9555912,9782346
EPM2A,6,145382535,145736023
SNAPIN,1,153658703,153661852
MPZL1,1,167721192,167791919
MAP3K6,1,27354067,27366961
RAPGEF3,12,47734363,47771040
SVIL,10,29457338,29736781
AHSA1,14,77457870,77469472
PARN,16,14435700,14632728
CLDN7,17,7259903,7263983
ABCA1,9,104781006,104928155
TDP2,6,24649979,24666930
KLF8,X,56232356,56291531
PCNT,21,46324141,46445769
ZBTB11,3,101648889,101677132
NFATC1,18,79395856,79529325
POP4,19,29606283,29617237
SNAP29,22,20859007,20891214
OXSR1,3,38165089,38255484
DDX58,9,32455302,32526208
BAG2,6,57172326,57189833
BAG3,10,119651370,119677819
LATS1,6,149658153,149718105
SNAI1,20,49982980,49988886
ECD,10,73130155,73169055
MBD3,19,1573596,1592865
PTTG1,5,160421855,160428739
BCL10,1,85265776,85276632
PAK4,19,39125770,39182816
CHEK2,22,28687743,28742422
APBA3,19,3750772,3761692
NSD2,4,1871393,1982207
LDHA,11,18394560,18408425
PAH,12,102836889,102958410
SOD1,21,31659622,31668931
ABL1,9,130713016,130887675
EGFR,7,55019017,55211628
PGK1,X,77910739,78129295
FOS,14,75278826,75282230
MYC,8,127735434,127742951
NRAS,1,114704469,114716771
HRAS,11,532242,537287
KRAS,12,25205246,25250936
IL2RA,10,6010689,6062370
CD4,12,6786858,6820799
HLA-B,6,31269491,31357188
CRYAB,11,111908564,111923722
LMNA,1,156082573,156140089
APOE,19,44905791,44909393
FGA,4,154583128,154590745
MBP,18,76978827,77133683
SLC4A1,17,44248390,44268141
TFRC,3,196027183,196082096
ESR1,6,151656691,152129619
VTN,17,28367284,28373091
CAT,11,34438934,34472060
RAF1,3,12583601,12664226
ANXA1,9,73151865,73170393
NR3C1,5,143277931,143435512
PRNP,20,4686350,4701590
SOD2,6,159669069,159745186
TK1,17,78174091,78187233
MYCN,2,15940550,15947007
GAPDH,12,6534512,6538374
HLA-A,6,29941260,29945884
ERBB2,17,39687914,39730426
NTRK1,1,156815640,156881850
TP53,17,7661779,7687550
HSPB1,7,76302673,76304295
TYMS,18,657653,673578
GNAI2,3,50226292,50259362
ATP1A1,1,116372668,116410261
APP,21,25880550,26171128
ALDH2,12,111766887,111817532
CYP17A1,10,102830531,102837472
ITGB3,17,47253846,47313735
HMGN1,21,39342315,39349647
EIF2S1,14,67360151,67386516
HMGN2,1,26472440,26476642
JUN,1,58780791,58784047
SSB,2,169791933,169812064
TFAP2A,6,10393186,10419659
ITGB1,10,32900318,33005792
PRKCB,16,23835983,24220611
KRT18,12,52948871,52952906
KRT8,12,52897187,52949954
CD5,11,61102489,61127852
INSR,19,7112255,7294414
LCK,1,32251239,32286165
FYN,6,111660332,111873452
GSN,9,121207794,121332843
RB1,13,48303726,48599436
PGR,11,101029624,101129813
CDK1,10,60778331,60794852
S100A9,1,153357854,153361023
EIF4E,4,98871684,98930637
ENO1,1,8861000,8879190
GPI,19,34359480,34402413
NPM1,5,171387116,171411137
H2BC11,6,27125897,27132750
TH,11,2163929,2171877
NEFL,8,24950955,24957110
GPX1,3,49357176,49358358
FES,15,90883695,90895776
CSF1R,5,150053291,150113372
ANXA2,15,60347134,60402883
CAPN1,11,65180566,65212006
TUBB,6,30720352,30725426
ADRB2,5,148825245,148828687
PFN1,17,4945652,4949061
CD3E,11,118304730,118316175
EPRS1,1,219968600,220046530
HSP90AA1,14,102080738,102139699
HNRNPC,14,21209136,21269494
YES1,18,721588,812546
LYN,8,55879835,56014169
RET,10,43077064,43130351
FH,1,241497603,241519761
SP1,12,53380176,53416446
IGF1R,15,98648539,98964530
NGFR,17,49495293,49515008
GLI1,12,57459785,57472268
CHRM2,7,136868669,137020255
ABCB1,7,87503017,87713323
SLC3A2,11,62856102,62888875
NR3C2,4,148078762,148444698
PFKM,12,48105139,48146404
HSP90AB1,6,44246166,44253888
MMP2,16,55389700,55506691
MME,3,155024124,155183729
PDHA1,X,19343893,19361718
PLEK,2,68365282,68397453
PTPRC,1,198638457,198757476
MET,7,116672196,116798386
SNRNP70,19,49085419,49108605
HCK,20,32052188,32101856
VIM,10,17228241,17237593
CYP3A4,7,99756960,99784248
KRT19,17,41523617,41528308
IGFBP1,7,45888360,45893660
FGF2,4,122826708,122898236
GSTP1,11,67583742,67586656
VIL1,2,218419121,218453295
FBP1,9,94603133,94640249
TPM1,15,63042632,63071915
CLTB,5,176392455,176416569
HMOX1,22,35380361,35394207
PDGFRB,5,150113839,150155872
DLD,7,107891162,107931730
HOXB7,17,48607232,48633572
HNRNPA1,12,54280193,54287088
CD3G,11,118344344,118355161
TACSTD2,1,58575433,58577252
PARP1,1,226360691,226408093
ALOX5,10,45374176,45446119
FURIN,15,90868588,90883458
H2AC11,6,27133042,27135291
H2AC13,6,27808199,27808701
H2AC17,6,27892757,27893149
H2AC16,6,27865355,27865747
H2AC15,6,27837947,27838339
TFPT,19,54107013,54115675
HSPA1A,6,31815543,31817946
CALM1,14,90396502,90408268
GLI3,7,41960949,42237870
MYB,6,135181308,135219173
MYBL1,8,66562175,66614247
MYBL2,20,43667019,43716495
AR,X,67544021,67730619
RARA,17,40309180,40357643
RRAS,19,49635292,49640143
ARAF,X,47561100,47571920
H1-4,6,26156354,26157107
BCL2,18,63123346,63320128
NR2F6,19,17231883,17245940
TXN,9,110243810,110256507
MAPT,17,45894382,46028334
PRKAR1A,17,68511780,68551319
TFPI,2,187464230,187565760
KIT,4,54657918,54740715
THRB,3,24117153,24495756
IRF1,5,132481609,132490777
MYL2,12,110910819,110921443
HSPA5,9,125234853,125241343
LAMC1,1,183023420,183145592
MAP2,2,209424058,209734118
SLC2A1,1,42925375,42958868
EPB41,1,28887091,29120046
PYGB,20,25248085,25298012
RALA,7,39623565,39708120
RALB,2,120240064,120294710
BCR,22,23179704,23318037
ERG,21,38380027,38661780
FGFR1,8,38400215,38468834
TOP1,20,41028822,41124487
TOP2A,17,40388525,40417896
G6PD,X,154531391,154547572
VDR,12,47841537,47943048
CYP19A1,15,51208057,51338601
IGF2R,6,159969099,160113507
CDK4,12,57747727,57756013
SRF,6,43171269,43181506
PRPS2,X,12791355,12824222
PCNA,20,5114953,5126626
SLC25A4,4,185143266,185150382
F5,1,169511951,169586588
IMPDH2,3,49024325,49029408
TPR,1,186311652,186375693
PTHLH,12,27958084,27972733
FCGR2A,1,161505430,161524013
MYCL,1,39895426,39902256
SKI,1,2228319,2310213
ACTN1,14,68874143,68979440
ACE,17,63477061,63498380
CDH1,16,68737292,68835541
SRC,20,37344685,37406050
XRCC6,22,41621119,41664048
LYL1,19,13099033,13103161
XRCC5,2,216107464,216206303
UNG,12,109097574,109110992
MYF5,12,80716912,80719671
LAMP2,X,120426148,120469365
CYBA,16,88643289,88651054
CFTR,7,117287120,117715971
ITGA4,2,181457202,181538940
RARG,12,53210567,53232980
EEF2,19,3976056,3985463
CEACAM1,19,42507304,42561234
F3,1,94529173,94541759
LCP1,13,46125920,46211871
GYS1,19,48968130,48993310
GFAP,17,44903159,44916937
HCLS1,3,121631399,121660927
DRD2,11,113409605,113475691
NCF1,7,74773962,74789376
PKM,15,72199029,72231822
HSP90B1,12,103930107,103953645
CCNB1,5,69167135,69178245
SLC2A4,17,7281718,7288257
TYR,11,89177875,89295759
IL2RB,22,37125843,37175054
POU2F1,1,167220876,167427345
HNRNPL,19,38836388,38852347
ETS1,11,128458761,128587558
JUP,17,41754604,41786931
ETS2,21,38805183,38824955
BRAF,7,140719327,140924928
MYOD1,11,17719571,17722136
EZR,6,158765741,158819368
ATF2,2,175072250,175168382
UCHL3,13,75549480,75606020
CD19,16,28931965,28939342
FOSL1,11,65892049,65900573
VAV1,19,6772708,6857366
CD46,1,207752057,207795513
NME1,17,51153536,51162428
TCF3,19,1609290,1652615
DSP,6,7541617,7586714
RPA2,1,27891524,27914746
GATA1,X,48786562,48794311
NPR1,1,153678688,153693992
CD44,11,35138870,35232402
H2AX,11,119093854,119095467
ITGB4,17,75721328,75757818
SPN,16,29662979,29670876
CREB1,2,207529737,207605988
PDGFRA,4,54229280,54298245
PECAM1,17,64319415,64413776
NCK1,3,136862208,136951606
H1-5,6,27866849,27867529
H1-2,6,26055787,26056428
FER,5,108747841,109196841
UGT2B7,4,69051363,69112987
CD36,7,80369575,80679277
PLCG2,16,81739097,81962685
STMN1,1,25884181,25906991
YBX3,12,10699089,10723323
HMGA1,6,34236873,34246231
IFNAR1,21,33324429,33359864
PRKCA,17,66302613,66810743
JUNB,19,12791486,12793315
GJA1,6,121435595,121449727
SMPD1,11,6390440,6394998
JUND,19,18279694,18281622
TAL1,1,47216290,47232220
ATF7,12,53507856,53626410
PRKACA,19,14091688,14118084
CAPN2,1,223701593,223776018
DES,2,219418377,219426734
CEBPB,20,50190830,50192668
PTPN2,18,12785478,12929643
TPH1,11,18017564,18042426
CTPS1,1,40979688,41012565
ENG,9,127815012,127854756
DDX5,17,64498254,64508199
XBP1,22,28794555,28800597
LGALS3,14,55124110,55145423
IGFBP3,7,45912245,45921874
FLT1,13,28300346,28495145
PTPN1,20,50510321,50585241
ITGB5,3,124761948,124901418
PTPRA,20,2864184,3039076
NELFE,6,31952087,31959038
PGAM1,10,97426191,97433444
RCC1,1,28505943,28539300
SDC1,2,20200797,20225433
ATF1,12,50763710,50821162
ATF4,22,39519695,39522685
ATF6,1,161766320,161964070
LIG1,19,48115445,48170603
CDH2,18,27950966,28177130
GNAZ,22,23070519,23125032
PLCG1,20,41136960,41196801
NCL,2,231453531,231483641
HK1,10,69269984,69401884
NDUFV2,18,9102630,9134345
ELK1,X,47635521,47650604
TNNI3,19,55151767,55157773
TNFRSF1A,12,6328757,6342114
ERCC3,2,127257290,127294166
TFEB,6,41683978,41736259
EIF2AK2,2,37099210,37157065
SLC9A1,1,27098809,27166981
RXRA,9,134317098,134440585
NFKB1,4,102501331,102617302
NCF2,1,183555563,183590876
EIF2S2,20,34088309,34112243
CD33,19,51225064,51243860
CCNA2,4,121816444,121823933
POU3F2,6,98834574,98839458
RAB4A,1,229271062,229305894
RAB5A,3,19947097,19985175
NR1D1,17,40092793,40100589
LMNB1,5,126776623,126837020
BCL3,19,44747705,44760044
CAST,5,96525267,96779595
CD247,1,167430640,167518610
CDK11B,1,1635227,1659012
FLNA,X,154348524,154374638
NF1,17,31094927,31382116
MAOA,X,43654907,43746824
ACO1,9,32384603,32454769
S1PR1,1,101236865,101243713
FPR1,19,51745172,51804110
TNFAIP3,6,137867214,137883312
SAT1,X,23783173,23786226
C5AR1,19,47290023,47322066
TBXA2R,19,3594507,3606875
VDAC1,5,133971871,134004975
FGFR2,10,121478334,121598458
TGM2,20,38127385,38166578
KCNA3,1,110672465,110674940
OSBP,11,59574398,59615774
PAICS,4,56435741,56464579
NME2,17,51165435,51171747
USF1,1,161039251,161045977
FGFR4,5,177086905,177098144
KCNA4,11,30009730,30017030
KCNA5,12,5043879,5046788
FGFR3,4,1793293,1808872
HNRNPA2B1,7,26173057,26201529
RFX1,19,13961530,14007039
CCNO,5,55231152,55233608
CBL,11,119206298,119313926
NR4A1,12,52022832,52059507
XPA,9,97674909,97697357
SFPQ,1,35176378,35193145
TUBG1,17,42609683,42615238
HRC,19,49151198,49155396
RPS3,11,75399515,75422280
RPS6KB1,17,59893046,59950574
JAK1,1,64833229,65067754
MCC,5,113022099,113488823
H2BC17,6,27893463,27893843
CFL1,11,65823022,65862026
BDNF,11,27654893,27722058
EIF4B,12,53006158,53042209
ITPKA,15,41493393,41503551
DGKA,12,55927319,55954027
PAX3,2,222199888,222298996
GATA2,3,128479427,128493201
GATA3,10,8045378,8075198
SLC6A2,16,55655604,55706192
CCND1,11,69641156,69654474
KDELR1,19,48382575,48391551
AKAP5,14,64465499,64474503
ACP1,2,264140,278283
PRKCH,14,61187559,61550976
ACAT1,11,108116695,108147603
MYL9,20,36541497,36551447
CCNE1,19,29811991,29824312
CDK2,12,55966781,55972789
APC,5,112707498,112846239
GRK2,11,67266473,67286556
EDNRA,4,147480917,147544954
MCM3,6,52264014,52284881
YY1,14,100238298,100282788
DNAJB1,19,14514769,14529770
DNAJB2,2,219279267,219286900
NFKBIA,14,35401511,35404749
ITGB7,12,53191323,53207282
MSN,X,65588377,65741931
PTPN3,9,109375466,109498313
DNMT1,19,10133345,10231286
U2AF2,19,55654146,55674715
RPL13,16,89560657,89566828
PTBP1,19,797075,812327
PLN,6,118548296,118561716
YWHAQ,2,9583967,9630997
MAPK3,16,30114105,30123506
MARK3,14,103385392,103503831
ARNT,1,150809713,150876708
DCK,4,70992538,71030914
CAD,2,27217369,27243943
PDE4A,19,10416773,10469630
MAP4,3,47850690,48089272
CANX,5,179678628,179731641
PIK3R1,5,68215756,68301821
TMOD1,9,97501180,97601743
ELK4,1,205597556,205632011
CHAT,10,49609095,49665104
MAPK1,22,21754500,21867680
DUSP1,5,172768096,172771195
RBL1,20,36996349,37095997
GRN,17,44345246,44353106
EPHA2,1,16124337,16156069
PTPN6,12,6946468,6961316
SHC1,1,154962298,154974395
ARID4A,14,58298504,58373887
KDM5A,12,280057,389320
TKT,3,53224712,53256052
NOS3,7,150991017,151014588
PML,15,73994673,74047827
TYK2,19,10350529,10380572
EEF1D,8,143579697,143599541
PDHA2,4,95840093,95841464
MARCKS,6,113857345,113863475
AQP1,7,30911694,30925517
PRDX6,1,173477330,173488815
RPL12,9,127447674,127451406
PEBP1,12,118136124,118145584
PDIA3,15,43746410,43773278
CD6,11,60971680,61020377
CDC27,17,47117703,47189422
FCER1G,1,161215234,161220699
CCND2,12,4273762,4305353
CCND3,6,41934933,42050357
WEE1,11,9573670,9593457
CDC25A,3,48157146,48188417
CDC25B,20,3786772,3806121
CDC25C,5,138285265,138338355
PPIF,10,79347469,79355334
BDKRB2,14,96204679,96244166
NMT1,17,45051610,45109016
AVPR2,X,153902531,153907166
AGTR1,3,148697784,148743008
CLIP1,12,122271432,122422632
SRI,7,88205118,88226993
GCH1,14,54842008,54902826
SSTR2,17,73165010,73176633
SDHA,5,218241,257082
HOXA11,7,27181157,27185232
PRKAR2B,7,107044705,107161811
RRM2,2,10120698,10211725
SDC4,20,45325288,45348424
SLC6A4,17,30194319,30236002
AKT1,14,104769349,104795751
AKT2,19,40230317,40285536
ATIC,2,215311956,215349773
HNRNPH1,5,179614178,179634784
YWHAB,20,44885702,44908532
SFN,1,26863149,26864456
FCGR2B,1,161663147,161678654
L1CAM,X,153861514,153886173
ARRB2,17,4710596,4721499
MC4R,18,60371062,60372775
CCR7,17,40553769,40565472
GRK4,4,2963571,3040760
FOXN2,2,48314637,48379295
CSF2RB,22,36913628,36940439
CTH,1,70411218,70439851
ICAM3,19,10333776,10339661
CDH5,16,66366622,66404784
LSP1,11,1852970,1892267
DUT,15,48331011,48343373
ABCC1,16,15949577,16143074
H2BC3,6,26043277,26043657
TTK,6,80003887,80042527
MCM4,8,47960185,47978160
MCM5,22,35400134,35425431
MCM7,7,100092728,100101940
SDC2,8,96493813,96611790
GRK5,10,119207571,119459745
CRHR1,17,45784280,45835828
CTNNA1,5,138610967,138935034
CTNNB1,3,41194741,41260096
BMI1,10,22321099,22331484
NOS2,17,27756766,27800529
PHB,17,49404049,49414905
PTPN7,1,202147013,202161588
NF2,22,29603556,29698598
RDX,11,109864295,110296712
RFC1,4,39287456,39366375
GTF2F1,19,6379572,6393981
SPR,2,72887382,72892158
PTGS2,1,186671791,186680423
HRH1,3,11137093,11263557
OPRM1,6,154010496,154246867
RORA,15,60488284,61229302
CBS,21,43053191,43076943
MSX2,5,174724582,174730896
IRS1,2,226731317,226799759
MYH9,22,36281277,36388067
MYH10,17,8474205,8630761
ADD1,4,2843857,2930076
ADD2,2,70607618,70768225
FUS,16,31180110,31194871
DDIT3,12,57516588,57521737
NUP214,9,131125586,131234663
DEK,6,18223860,18264548
ATP7B,13,51930436,52012125
CHKA,11,68052859,68121444
AHR,7,16916359,17346152
KRT20,17,40875889,40885242
FLT4,5,180601506,180649624
KDR,4,55078481,55125595
MAP2K2,19,4090321,4124129
ATP5F1C,10,7788147,7807815
CHRNA7,15,31923438,32173018
PGM1,1,63593411,63660245
PPP1CC,12,110719680,110742939
FLT3,13,28003274,28100592
TGFBR1,9,99104038,99154192
SERPINF1,17,1762029,1777565
SREBF1,17,17810399,17837011
TGFBR2,3,30606601,30694142
PPARG,3,12287368,12434356
ZEB1,10,31318495,31529814
TAGLN2,1,159918107,159925732
SNCA,4,89700345,89838315
RBMX,X,136848004,136880764
BRCA1,17,43044295,43170245
COIL,17,56938199,56961050
HSPA9,5,138553756,138575416
EIF4A3,17,80134369,80147151
CDKN1A,6,36676460,36687339
RPS19,19,41860255,41872925
ANP32A,15,68778535,68820897
FEN1,11,61792911,61797238
CUX1,7,101815904,102283958
IL6ST,5,55935095,55995022
VHL,3,10141008,10152220
RPL13A,19,49487554,49492308
MLH1,3,36993350,37050846
STAT3,17,42313324,42388568
USP8,15,50424380,50514421
CCNF,16,2429394,2458854
EIF2S3,X,24054946,24078810
ID1,20,31605283,31606515
OPRD1,1,28812142,28871267
OPRK1,8,53225716,53251697
OPRL1,20,64080082,64100643
ETV5,3,186046314,186110318
CASR,3,122183683,122291629
AQP2,12,49950741,49958881
BCL6,3,187721377,187745725
CETN2,X,152826994,152830757
ETV6,12,11649674,11895377
RGS2,1,192809039,192812275
HNF4A,20,44355700,44434596
PPP1R2,3,195514428,195543386
CSK,15,74782057,74803198
MAP3K8,10,30434021,30461833
CCR2,3,46353734,46360928
TMPO,12,98515512,98550379
STAT1,2,190908460,191020960
STAT6,12,57095408,57132139
STAT5A,17,42287547,42311943
GRIA1,5,153489615,153813869
PIK3CB,3,138652698,138834928
MTOR,1,11106535,11262551
EPS15,1,51354263,51519266
CASP3,4,184627696,184649509
CASP2,7,143288215,143307696
RPS27,1,153990762,153992155
TEC,4,48135783,48269838
TXK,4,48066393,48134250
ABL2,1,179099330,179229684
LIFR,5,38474668,38608354
WAS,X,48676596,48691427
CDKN2A,9,21967753,21995301
HTT,4,3041422,3243960
ECE1,1,21217247,21345572
MTHFR,1,11785723,11806455
SLC1A3,5,36606355,36688334
PTGIR,19,46620468,46625089
MATR3,5,139293674,139331677
MSH2,2,47403067,47663146
GRK6,5,177403204,177442901
SSR1,6,7268306,7347446
RAD52,12,911736,990053
MAGEA11,X,149688228,149717268
ZAP70,2,97713560,97739862
SYK,9,90801787,90898549
KIR3DL1,19,54816468,54830778
PSMC4,19,39971165,39981764
GATA4,8,11676959,11760002
TNNT2,1,201359008,201377764
VDAC2,10,75210154,75231448
CBX5,12,54230942,54280133
MAPK8,10,48306639,48439360
MAPK9,5,180233143,180292099
MAP2K4,17,12020829,12143830
MKI67,10,128096659,128126423
RANGAP1,22,41245611,41286251
CRK,17,1420689,1463162
CRKL,22,20917407,20953747
BAG6,6,31639028,31652705
NSF,17,46590669,46757464
CDKN1B,12,12715058,12722369
NOTCH1,9,136494433,136546048
IER3,6,30743199,30744548
MAP2K3,17,21284672,21315232
RPL21,13,27251309,27256691
RPS10,6,34417454,34426069
YAP1,11,102110447,102233424
UTRN,6,144285701,144853034
IQGAP1,15,90388242,90502239
PLA2G4A,1,186828949,186988981
RAP1GAP,1,21596215,21669363
XDH,2,31334321,31414742
KCNJ1,11,128836315,128867373
KCNJ4,22,38426327,38455199
GLRB,4,157076125,157172090
IREB2,15,78437431,78501453
PIP4K2A,10,22534854,22714578
SOX9,17,72121020,72126416
KCNJ5,11,128891356,128921163
KCNJ3,2,154697855,154858354
PRRC2A,6,31620715,31637771
CSNK1A1,5,149492982,149551471
PIK3CG,7,106865278,106908980
SLC9A3,5,470456,524449
TRPC1,3,142724034,142807888
POLD2,7,44114681,44124358
MARCKSL1,1,32333839,32336233
PXN,12,120210439,120265771
MAPKAPK2,1,206684944,206734283
SLC11A1,2,218382029,218396894
NASP,1,45583846,45618904
ARRB1,11,75260122,75351705
AMPH,7,38383704,38631420
CDC34,19,531760,542092
CENPA,2,26764289,26801067
UBE2A,X,119574536,119591083
CSNK1E,22,38290691,38318084
GPR15,3,98531978,98534681
CEBPA,19,33299934,33302534
CEBPD,8,47736913,47738164
MCM2,3,127598410,127622436
ACADVL,17,7217125,7225266
NUMB,14,73275107,73458617
CLK2,1,155262868,155278491
CLK3,15,74598500,74645414
PSEN1,14,73136418,73223691
FHIT,3,59747277,61251459
NUP153,6,17615035,17706834
RANBP2,2,108719482,108785809
RGS19,20,64073181,64079988
PSEN2,1,226870184,226896105
TSC2,16,2047967,2089491
GSK3A,19,42230190,42242625
GSK3B,3,119821323,120094417
GMPS,3,155870650,155944020
LIG3,17,34980512,35009743
LIG4,13,108207439,108218368
CDKN1C,11,2883213,2885773
MRE11,11,94415578,94493908
MMP14,14,22836560,22849027
EMD,X,154379273,154381523
ST13,22,40824535,40856639
PEX5,12,7188685,7218574
ERF,19,42247569,42255128
ETV1,7,13891229,13991425
VASP,19,45506579,45526983
DNM2,19,10718079,10833488
CDK7,5,69234795,69277430
TOB1,17,50862223,50867978
CDK9,9,127785679,127790792
BCAM,19,44809071,44821421
FXR1,3,180868141,180982753
DAP,5,10679230,10761272
DAP3,1,155687960,155739010
DUSP3,17,43766125,43778977
SMARCA4,19,10960825,11079426
MECP2,X,154021573,154137103
IRAK1,X,154010506,154019902
CAV2,7,116287380,116508541
ALDH5A1,6,24494867,24537207
CCR5,3,46370854,46376206
STAT5B,17,42199177,42276707
KCNQ1,11,2444684,2849105
CLCN3,4,169612633,169723673
VAMP7,X,155881345,155943769
RPS6KA3,X,20149911,20267519
BMX,X,15464246,15556529
CCNH,5,87318416,87412930
NEK2,1,211658657,211675630
NEK3,13,52132639,52159861
HNRNPM,19,8444767,8489114
KPNA2,17,68035708,68046854
KPNA1,3,122421902,122514945
JAK3,19,17824780,17848071
MAP2K6,17,69414697,69553865
ARHGDIA,17,81867721,81871378
ARHGDIB,12,14942031,14961728
STAT2,12,56341597,56360167
GTF2A1,14,81175452,81221377
KIF11,10,92593130,92655395
VAV2,9,133761894,133992604
CHN2,7,29146569,29514328
HK2,2,74834127,74893359
CAPZA1,1,112619805,112671616
PDX1,13,27920000,27926313
NUP98,11,3671083,3797792
BLVRA,7,43758680,43807342
PPP5C,19,46347087,46392981
PLK1,16,23677656,23690367
DAPK1,9,87497228,87708634
ARFIP2,11,6474683,6481479
ARFIP1,4,152779937,152918463
FOSB,19,45467995,45475179
LIMK1,7,74082933,74122525
LIMK2,22,31212239,31280080
MAPK12,22,50245450,50261716
MAPK10,4,85990007,86594625
PTTG1IP,21,44849585,44873903
TTC3,21,37073226,37203112
RCAN1,21,34513142,34615113
BLM,15,90717346,90816166
HIRA,22,19330698,19447450
ATXN3,14,92044496,92106621
ATXN1,6,16299112,16761491
ATN1,12,6924463,6942321
TERF1,8,73008864,73048123
MYOM2,8,2045046,2165552
USP14,18,158383,214629
PRKAA2,1,56645314,56715335
EPHB3,3,184561785,184582408
EPHA4,2,221418027,221574202
EIF5,14,103333544,103345025
SLC12A2,5,128083766,128189677
SLC12A3,16,56865207,56915850
DRG2,17,18087892,18107970
GEM,8,94249253,94262350
RRAD,16,66921679,66925536
NR1H2,19,50329653,50383388
AQP5,12,49961872,49965682
VCP,9,35056064,35072627
MFAP1,15,43804492,43824690
AQP4,18,26852043,26865771
AFDN,6,167826922,167972023
ELL,19,18442663,18522116
CASP7,10,113679162,113730907
CASP9,1,15490832,15526534
CASP6,4,109688622,109703583
CDKN2D,19,10566460,10569059
FOXG1,14,28766787,28770277
FOXA1,14,37589552,37596059
TPD52,8,80034745,80231232
HNRNPH2,X,101408222,101414133
RAG2,11,36575574,36598279
BID,22,17734138,17774770
MARS1,12,57475445,57517569
MAZ,16,29806106,29811164
HDAC4,2,239048168,239401654
EIF6,20,35278911,35284985
CTBP2,10,124984317,125161170
BACE1,11,117285207,117316259
BCAR1,16,75228181,75268053
STX17,9,99906654,99974534
SIK1,21,43414483,43427131
KLF3,4,38664197,38701517
CORO7,16,4354542,4425705
FOXL2,3,138944224,138947137
NRXN1,2,49918503,51225575
TIRAP,11,126283065,126298845
H2BC5,6,26158146,26171349
PTEN,10,87863625,87971930
SNAP25,20,10218830,10307418
PRPS1,X,107628424,107651026
CDC42,1,22025511,22101360
DSTN,20,17570075,17609919
GMFB,14,54474484,54489026
RAB5B,12,55973913,55996683
CXCR4,2,136114349,136118149
ACTR2,2,65227753,65271253
RAP1B,12,68610855,68671901
MAX,14,65006174,65102695
RPS3A,4,151099624,151104642
PSME3,17,42824385,42843760
RHOA,3,49359145,49412998
RND3,2,150468195,150539011
HNRNPK,9,83968083,83980616
YWHAG,7,76326799,76358991
RRAS2,11,14277922,14364506
PPP1CA,11,67398183,67421183
PSMC5,17,63827152,63832026
YWHAE,17,1344275,1400222
RPS11,19,49496365,49499708
BTG1,12,92140278,92145846
RPL7A,9,133348218,133351426
RAB11A,15,65726054,65891989
RHOB,2,20447074,20449440
RPS6,9,19375715,19380236
H4C9,6,27138588,27139881
H4C11,6,27824108,27824480
H4C12,6,27831216,27831527
H4C13,6,27873199,27873510
H4C1,6,26021679,26021990
H4C2,6,26026815,26027252
H4C3,6,26103876,26104310
H4C4,6,26188765,26189076
H4C5,6,26204552,26206038
H4C6,6,26240426,26240737
H4C8,6,26277609,26285638
H4-16,12,14767999,14771131
H4C14,1,149832659,149839767
H4C15,1,149854045,149861210
H2BC4,6,26114873,26123926
H2BC7,6,26199520,26200715
H2BC6,6,26172059,26184655
H2BC8,6,26215159,26216692
H2BC10,6,26272976,26273356
RAB1A,2,65070696,65130331
RAN,12,130872037,130877678
RAP1A,1,111542218,111716691
RPS15,19,1438358,1440494
RPL11,1,23691742,23696835
RPL8,8,144789765,144792587
GRB2,17,75318076,75405709
RAC1,7,6374527,6403967
AP2B1,17,35578046,35726413
YWHAZ,8,100916523,100953388
DYNLL1,12,120469850,120498493
RACK1,5,181236897,181248096
KCNJ2,17,70168673,70180044
UBE2I,16,1308880,1327018
PPP2CA,5,134194332,134226073
YBX1,1,42682418,42703805
CSNK2B,6,31665236,31670343
EEF1A1,6,73515750,73523797
TUBA1B,12,49127782,49131397
CSNK2A1,20,472498,543835
H3C10,6,27810064,27811300
H3C11,6,27871905,27872315
H3C12,6,27890382,27893106
H3C1,6,26020490,26020900
H3C2,6,26031594,26032099
H3C3,6,26045411,26045869
H3C4,6,26196840,26197250
H3C6,6,26224199,26227473
H3C7,6,26250195,26250605
H3C8,6,26269405,26271815
RNF4,4,2462220,2625320
SIRPA,20,1894167,1940592
EIF4G2,11,10797050,10808940
GTF2I,7,74650231,74760692
ASIC1,12,50057548,50083611
DLG4,17,7189890,7219841
PIP4K2B,17,38765689,38800126
SRPK2,7,105110704,105399308
CCT2,12,69585426,69601570
PRKDC,8,47773111,47960178
ADAM17,2,9488486,9556732
ELF3,1,202007945,202017183
ADARB1,21,45073853,45226560
HMGN5,X,81113699,81201913
CBX1,17,48070052,48101478
SMAD3,15,67063763,67195169
RPL19,17,39200283,39204732
SRSF3,6,36594353,36605600
H3-3B,17,75776434,75785893
H3-3A,1,226061851,226073212
ARHGAP8,22,44752558,44862788
PRR5,22,44668547,44737681
DAB2,5,39371675,39462300
PKD1,16,2088708,2135898
XIAP,X,123859724,123913979
RBM10,X,47145221,47186813
FOXO4,X,71095851,71103532
RBM3,X,48574449,48581162
TFAM,10,58385345,58399220
CDK6,7,92604921,92836594
CDK5,7,151053815,151057897
CDK16,X,47217860,47229997
CLTC,17,59619689,59696956
HSF1,8,144291591,144314720
NFKB2,10,102394110,102402524
HNRNPU,1,244840638,244864560
MDM2,12,68808177,68850686
SPTBN1,2,54456317,54671446
E2F1,20,33675477,33686385
SET,9,128683424,128696400
SRSF2,17,76734115,76737374
FOXK2,17,82519713,82644662
RUNX1,21,34787801,36004667
RELB,19,45001449,45038198
TSPY1,Y,9466955,9469749
FLI1,11,128686535,128813267
HMGCS1,5,43287470,43313512
IFITM3,11,319676,327537
XPC,3,14145147,14178783
EWSR1,22,29268009,29300525
POU5F1,6,31164337,31180731
BNC1,15,83255903,83284714
COL4A3,2,227164624,227314792
SLC6A3,5,1392794,1445440
PLCB3,11,64251523,64269150
TAGLN,11,117199370,117207464
GUCY1B1,4,155758992,155807774
PRKCE,2,45651345,46187990
CENPE,4,103105349,103198445
KIF23,15,69414246,69448427
NRG1,8,31639222,32855666
ID2,2,8678845,8684461
SP3,2,173880850,173965702
ID3,1,23557926,23559501
H1-1,6,26017085,26017732
MAP2K1,15,66386817,66492312
TEK,9,27109141,27230174
TOP2B,3,25597905,25664907
AKAP12,6,151239967,151358559
HHEX,10,92689955,92695647
CREM,10,35126791,35212958
MLLT1,19,6210381,6279975
MECOM,3,169083499,169663775
CAV1,7,116525001,116561184
KMT2A,11,118436490,118526832
TGFBR3,1,91680343,91906335
LMNB2,19,2427638,2456959
PTS,11,112226367,112269955
PTH1R,3,46877721,46903799
ERCC6,10,49454470,49539538
KCNC4,1,110211343,110283100
RELA,11,65653597,65663090
EIF4G1,3,184314495,184335358
ATP7A,X,77910656,78050395
TLE1,9,81583683,81689547
PRKCQ,10,6427143,6580301
GLO1,6,38675925,38703145
SSBP1,7,141738334,141787922
REL,2,60881521,60931610
MST1R,3,49887002,49903873
UBE3A,15,25333728,25439051
DNM1,9,128191655,128255248
MXD1,2,69897688,69942945
PTPN12,7,77537295,77640069
PTK2,8,140657900,141002216
LIPE,19,42401514,42427388
PRKCZ,1,2050411,2185395
ZBTB16,11,114059711,114256765
GRIN1,9,137139154,137168756
EEF1A2,20,63488014,63499185
PRKCD,3,53156009,53192717
CALD1,7,134744252,134970729
SLC18A2,10,117241093,117279430
PTPN11,12,112418351,112509913
BTK,X,101349447,101390796
GFPT1,2,69319769,69387254
EXOSC9,4,121801317,121817021
RBPJ,4,26163455,26435131
MEF2C,5,88717117,88904257
APLP2,11,130068147,130144811
RAD51,15,40694774,40732340
FMR1,X,147911951,147951125
PRDX1,1,45511036,45523047
PDE4B,1,65792514,66374579
ZFP36L1,14,68787660,68796253
BAX,19,48954815,48961798
BCL2L1,20,31664452,31723989
MCL1,1,150574551,150579738
KLC1,14,103561896,103714249
PPARA,22,46150521,46243756
SOS1,2,38981549,39124345
TNK2,3,195863364,195911945
LRP1,12,57128483,57213361
SRSF1,17,58000919,58007346
FOXM1,12,2857681,2877155
CACNB2,10,18140677,18543557
DDR1,6,30876421,30900156
PDE4C,19,18208652,18248200
AC008397.2,19,18207961,18255419
DMTN,8,22048995,22082527
PDE4D,5,58969038,60522120
ITK,5,157142933,157255191
SSRP1,11,57325986,57335892
RBL2,16,53433977,53491648
CAMSAP2,1,200739558,200860704
NSUN2,5,6599239,6633291
NCBP1,9,97633668,97673748
KCNA1,12,4909905,4918256
EP300,22,41092592,41180077
AHNAK,11,62433542,62556235
INCA1,17,4988130,4997610
SREBF2,22,41833079,41907307
FOXO1,13,40555667,40666641
GTF3C1,16,27459555,27549913
KCNMA1,10,76869601,77638369
CETN1,18,580380,582114
TFCP2,12,51093656,51173135
AKAP13,15,85380571,85749358
KCNH2,7,150944961,150978321
CDC20,1,43358981,43363203
MERTK,2,111898607,112029561
GRIN2A,16,9753404,10182754
TP53BP1,15,43403061,43510728
AIMP1,4,106315544,106349456
ILF3,19,10654261,10692417
PTPRJ,11,47980558,48170841
TRAP1,16,3651639,3717553
TRAF2,9,136881912,136926607
FOXC1,6,1609915,1613897
DLG1,3,197042560,197299330
NFATC3,16,68084751,68229259
PPP1R8,1,27830782,27851676
GRIK2,6,101181257,102070083
TIAM1,21,31118416,31559977
ARHGAP5,14,32076114,32159728
CDC16,13,114234887,114272723
STK4,20,44966479,45080021
FLII,17,18244815,18258738
ACACA,17,37084992,37406836
LCP2,5,170246233,170297818
GPS1,17,82050691,82057470
USP4,3,49277144,49340712
TRAF3,14,102777449,102911500
KLF10,8,102648784,102655725
REST,4,56907876,56966678
PRKAA1,5,40759379,40798374
NR1H3,11,47248300,47269033
PPFIA1,11,70270700,70385312
TARDBP,1,11012344,11026420
HNRNPA0,5,137745651,137754363
PAK1,11,77321707,77474635
AIMP2,7,6009255,6023834
FADD,11,70203163,70207390
MAP2K5,15,67542703,67807117
MAPK7,17,19377721,19383544
PAK2,3,196739857,196832647
CBX3,7,26201162,26213607
STK3,8,98371228,98942827
CBLB,3,105655461,105869552
GRIN2B,12,13437942,13981957
MAP3K1,5,56815549,56896152
SRSF9,12,120461672,120469748
MAD2L1,4,120055623,120066858
TRIM28,19,58544064,58550722
G3BP1,5,151771045,151812785
NR5A1,9,124481236,124507420
SLAMF1,1,160608106,160647295
KCNAB2,1,5990927,6101193
SKP2,5,36151989,36184319
ATM,11,108222484,108369102
GRB10,7,50590063,50793462
BIK,22,43110750,43129712
MTA1,14,105419820,105470729
ITGB3BP,1,63440770,63593721
PPP2R5C,14,101761798,101927989
CTBP1,4,1211448,1249953
PDE3B,11,14643804,14872044
PDCL,9,122798389,122828588
PLD1,3,171600404,171810950
ORC1,1,52372829,52404423
ORC2,2,200908977,200963680
ILK,11,6603708,6610874
IKZF1,7,50304068,50405101
XRCC4,5,83077498,83353787
TCOF1,5,150357629,150400308
SF3B2,11,66050729,66069308
GOLGA4,3,37243177,37366751
ADAM15,1,155050566,155062775
TNK1,17,7380534,7389774
GAB1,4,143336762,143474568
SMAD4,18,51028394,51085045
SQSTM1,5,179806398,179838078
TUBB3,16,89921392,89938761
PIN1,19,9835257,9849682
ATR,3,142449007,142578733
EIF4EBP1,8,38030534,38060365
RIPK1,6,3063991,3115187
HDAC1,1,32292083,32333635
CAMK2G,10,73812501,73874591
PKD2,4,88007635,88077777
IRF5,7,128937457,128950038
SNW1,14,77717599,77761207
IQGAP2,5,76403285,76708132
STIM1,11,3854527,4093210
MTMR2,11,95832882,95925315
SLC12A1,15,48178438,48304078
DYRK1A,21,37365573,37526358
FHL1,X,136146702,136211359
RIN1,11,66330241,66336840
RUNX3,1,24899511,24965121
THOC5,22,29505879,29555216
PMAIP1,18,59899948,59904306
SPTAN1,9,128552558,128633662
TNFAIP1,17,28335602,28347009
PKP1,1,201283452,201332993
PTK6,20,63528001,63537376
KLF5,13,73054976,73077541
RAPGEF1,9,131576770,131740074
IDI1,10,1039152,1049170
RUNX2,6,45328157,45664349
RASGRF1,15,78959947,79090773
PRKG1,10,50990888,52298423
CDK13,7,39950121,40099580
IL16,15,81159575,81314058
CAMK1,3,9757347,9769992
HNRNPD,4,82352498,82374503
TRIM29,11,120111286,120185529
KEAP1,19,10486125,10503558
ARHGEF7,13,111114559,111305737
UBAP2L,1,154220179,154271510
GIT2,12,109929802,109996389
IKBKE,1,206470476,206496889
DOCK1,10,126905409,127452517
TFDP1,13,113584721,113641473
WRN,8,31033788,31176138
CRMP1,4,5748084,5893086
DPYSL3,5,147390808,147510068
ZMYM3,X,71239624,71255146
DCTN1,2,74361154,74392087
NPAT,11,108157215,108222638
MAP7,6,136342281,136550819
CTTN,11,70398404,70436584
FLOT2,17,28879335,28897733
PTK2B,8,27311482,27459391
FLNC,7,128830377,128859274
GNA13,17,65009289,65056740
PDE3A,12,20369245,20684381
GRB14,2,164492417,164621482
GRB7,17,39737927,39747291
BECN1,17,42810134,42833350
SLBP,4,1692731,1712344
NFE2L1,17,48048329,48061545
RBM39,20,35701347,35742312
NEDD9,6,11183298,11382348
SCN5A,3,38548057,38649687
ITPR1,3,4493345,4847840
IRF3,19,49659569,49665875
TRIP12,2,229763838,229923239
ESPL1,12,53268299,53293638
MDC1,6,30699807,30717447
MELK,9,36572862,36677683
SMC1A,X,53374149,53422728
NCOA6,20,34689097,34825651
USP10,16,84699978,84779922
KCNB1,20,49293394,49484297
PPP2R5D,6,42984553,43012342
LBR,1,225401502,225428925
CASP8,2,201233443,201287711
KIF22,16,29790719,29805385
MEF2D,1,156463727,156500779
CHD4,12,6570082,6614524
LASP1,17,38869859,38921770
MYBPC3,11,47331406,47352702
NFATC4,14,24365673,24379604
SLC9A5,16,67237683,67272191
ZNF638,2,71276561,71435069
NOLC1,10,102152176,102163871
NUMA1,11,72002864,72080693
NR1I3,1,161229666,161238302
GAPVD1,9,125261794,125367207
ARHGAP19,10,97222173,97292673
UBXN2B,8,58411359,58451501
NCAPH,2,96335766,96377091
SEPTIN2,2,241315100,241354027
SUZ12,17,31937007,32001038
ACAP1,17,7336529,7351477
SNX17,2,27370496,27377535
KARS1,16,75627474,75648643
SETDB1,1,150926263,150964744
ARHGEF6,X,136665547,136780932
POLD3,11,74493851,74669117
KIF14,1,200551497,200620751
EEA1,12,92770637,92929331
CDK5R1,17,32486993,32491253
NCF4,22,36860988,36878017
PDIA6,2,10783391,10837977
AGER,6,32180968,32184322
PDK1,2,172555373,172608669
PEA15,1,160205337,160215376
PRKD1,14,29576479,30191898
PLEC,8,143915147,143976734
PPP2R5A,1,212285410,212361853
PTGES3,12,56663341,56688408
STK38,6,36493892,36547479
RABEP1,17,5282265,5386340
RNPS1,16,2253116,2268397
ERBB4,2,211375717,212538841
RALBP1,18,9475009,9538114
RPS6KA2,6,166409364,166906451
PCBP1,2,70087477,70089203
PCBP2,12,53452102,53481162
RHEB,7,151466012,151520120
DLGAP5,14,55148112,55191608
CNN3,1,94896949,94927223
RPS6KA1,1,26529761,26575030
PPP1R7,2,241149576,241183652
SEC23A,14,39031919,39109646
NR0B2,1,26911489,26913975
STIL,1,47250139,47314147
TAF7,5,141260225,141320784
TERF2,16,69355567,69408571
MAPRE2,18,34976928,35143470
NCOA2,8,70109782,70403808
SLC9A3R2,16,2025356,2039026
DIXDC1,11,111927144,112022653
TARBP2,12,53500921,53506431
SF1,11,64764606,64778786
TRIP10,19,6737925,6751530
MED1,17,39404285,39451272
NFKBIB,19,38899700,38908893
TRIP6,7,100867387,100873454
TWIST1,7,19020991,19117636
MAPRE1,20,32819954,32850405
DLG2,11,83455012,85627922
ELAVL1,19,7958573,8005659
LTB4R,14,24311450,24318036
MYLK,3,123610049,123884331
TAB1,22,39399778,39437060
MAPK11,22,50263713,50270767
CD226,18,69831158,69961803
NCOA1,2,24491914,24770702
SMAD2,18,47808957,47931146
SMAD1,4,145481194,145559176
TBCE,1,235328570,235448952
TBCE,1,235367360,235452443
STK11,19,1177558,1228431
STXBP2,19,7636881,7647873
GRK1,13,113667219,113737736
USF2,19,35268962,35279821
SCN9A,2,166195185,166376001
EZH2,7,148807383,148884321
ZYX,7,143381295,143391111
SNCB,5,176620082,176630556
CCDC6,10,59788747,59906556
ENOX2,X,130623369,130903317
NFE2L2,2,177227595,177392697
E2F4,16,67192155,67198918
PKN1,19,14433053,14471867
PKN2,1,88684222,88836255
DDB1,11,61299451,61342596
MAPK14,6,36027677,36111236
CDC37,19,10391133,10420121
DPYSL2,8,26514031,26658178
TAL2,9,105662457,105663124
CAMK4,5,111223653,111494886
RBBP7,X,16839283,16870414
MAP3K11,11,65597756,65615382
FXN,9,69035563,69100178
BAK1,6,33572547,33580293
NREP,5,111662621,111997464
NTRK2,9,84668551,85027070
NFE2,12,54292111,54301015
STX1A,7,73699206,73719672
OCLN,5,69492292,69558104
DBN1,5,177456608,177474401
FSCN1,7,5592816,5606655
MAPK6,15,51952106,52067375
HIF1A,14,61695513,61748259
IFI16,1,158999968,159055155
DUSP5,10,110497907,110511533
UBE2S,19,55399745,55407788
H2BC21,1,149884459,149886652
CA9,9,35673918,35681159
PPP1R3A,7,113876777,114075920
DUSP6,12,89347235,89352501
DDR2,1,162631373,162787405
LTC4S,5,179793980,179796647
PFKFB3,10,6144934,6254644
IMMT,2,86143932,86195770
INF2,14,104689606,104722535
ARHGAP31,3,119294383,119420714
AAK1,2,69457997,69674349
KIZ,20,21125983,21246622
ERCC6L,X,72204657,72239027
TSR1,17,2322396,2336657
RALGAPA2,20,20389530,20712644
EML3,11,62602218,62612765
LRRK1,15,100919327,101078257
PLEKHG6,12,6310436,6328506
CCDC88A,2,55287842,55419895
TIGIT,3,114276913,114310288
MAP9,4,155342658,155376970
FBXO43,8,100133351,100145817
AMOT,X,112774503,112840815
LIN52,14,74084796,74201235
PDCD4,10,110871795,110900006
CRTC2,1,153947669,153958615
CEP55,10,93496612,93529092
NCBP3,17,3802158,3846246
PARP10,8,143977153,144012772
SETMAR,3,4303304,4317567
AKIRIN2,6,87674860,87702233
CDCA8,1,37692481,37709719
ARHGAP15,2,143091362,143768352
COBLL1,2,164653624,164843679
ODF2,9,128455186,128501292
SGO1,3,20160593,20186206
AKAP4,X,50190777,50201007
PRRC2B,9,131373636,131500197
RRP12,10,97356358,97426076
TOR1AIP1,1,179882042,179925000
AARS2,6,44298731,44313347
HABP4,9,96450169,96491336
MIIP,1,12019466,12032045
FFAR4,10,93566665,93604480
H2BC18,1,149782689,149812373
LRRK2,12,40196744,40369285
ATAT1,6,30626842,30646823
HECTD3,1,45002540,45011324
UBR4,1,19074510,19210266
ARHGAP21,10,24583609,24723887
SYT6,1,114089291,114153919
RBM26,13,79311824,79406477
DEPDC1,1,68474152,68497221
RIF1,2,151409883,151508013
CDC42BPA,1,226989865,227318474
RNF20,9,101533853,101563344
DAB2IP,9,121567057,121785530
FBXO31,16,87326987,87392142
WASHC2A,10,50067888,50133509
ATG16L1,2,233210051,233295674
AC002316.1,17,2755705,3037741
TNS3,7,47275154,47582558
ARHGAP17,16,24919389,25015666
CDCA2,8,25459199,25507911
NCAPH2,22,50508224,50524780
JADE1,4,128809700,128875224
SLC8B1,12,113298759,113359493
RCSD1,1,167630093,167708696
ZNF746,7,149472696,149497817
CAVIN1,17,42402449,42423256
CDC73,1,193121958,193254815
CC2D1A,19,13906201,13930879
RFWD3,16,74621399,74666877
CTR9,11,10751246,10801625
BORA,13,72727749,72756198
AC091230.1,15,74836118,74843346
RICTOR,5,38937920,39074399
SMARCD3,7,151238764,151277896
PAQR3,4,78887127,78939438
ZNF322,6,26634383,26659752
MTHFD1L,6,150865549,151101887
ANKRD12,18,9136228,9285985
FIP1L1,4,53377641,53460862
CRTC1,19,18683678,18782333
ABRAXAS1,4,83459517,83523348
PACS1,11,66070272,66244744
RAB11FIP1,8,37858618,37899497
GIGYF2,2,232697299,232860575
CERS6,2,168455862,168775137
PIK3AP1,10,96593315,96720514
USP34,2,61187463,61471087
PREX2,8,67952046,68237032
UBE2R2,9,33817160,33920399
H3C13,1,149813271,149813681
H3C14,1,149839538,149841193
H3C15,1,149852619,149854274
CENPU,4,184694085,184734130
RPS27L,15,63125872,63158021
CCDC80,3,112596794,112649530
CEP68,2,65056366,65087004
SUPT6H,17,28662198,28702679
SND1,7,127652194,128092609
MARK2,11,63838928,63911019
SV2A,1,149903318,149917844
RHOU,1,228735479,228746664
CENPQ,6,49463370,49493107
COPS6,7,100088969,100092187
TAOK1,17,29390464,29551904
RAB11FIP2,10,118004916,118046941
MOB1B,4,70902326,71022449
RASGRP2,11,64726911,64745456
RRM2B,8,102204502,102238961
STRADA,17,63682336,63741986
TRPM8,2,233917373,234019522
TICRR,15,89575469,89631056
ATG9A,2,219219380,219229717
RGPD4,2,107826937,107890841
EMSY,11,76444923,76553025
ARHGAP22,10,48446034,48656265
NET1,10,5412557,5459056
SH3RF1,4,169094259,169270956
HUWE1,X,53532096,53686728
USP37,2,218450251,218568351
PATL1,11,59636716,59669037
TBC1D1,4,37891084,38139175
PBRM1,3,52545352,52685917
RSPH3,6,158972871,159000202
TLK2,17,62458658,62615481
FAM160B2,8,22089150,22104911
TAX1BP1,7,27739331,27844564
PACS2,14,105300563,105398147
ZC3HC1,7,130018287,130051451
PROSER2,10,11823339,11872277
SKAP1,17,48133442,48430275
STING1,5,139475533,139482935
ANKLE2,12,132725503,132761832
TICAM2,5,115578650,115602479
C2CD5,12,22448583,22544546
CAMK1D,10,12349482,12835545
SIAH1,16,48356364,48448402
RASGRP3,2,33436324,33564750
MAP4K3,2,39249266,39437301
CCDC50,3,191329085,191398659
FUNDC1,X,44523639,44542859
MISP,19,751112,764318
APLF,2,68467572,68655862
MAPKAPK5,12,111842228,111902222
TEX14,17,58556678,58692055
BRSK2,11,1389899,1462689
LMTK2,7,98106862,98209638
TPH2,12,71938845,72186618
LAX1,1,203765177,203776372
SUGP2,19,18990888,19034023
WWC1,5,168291651,168472303
SKA3,13,21153595,21176552
RHOT1,17,32142454,32253374
SIRT2,19,38878555,38899862
C17orf49,17,7014495,7017525
AMOTL1,11,94706431,94876748
RAVER1,19,10316212,10333638
SLX4,16,3581181,3611606
SRRM1,1,24631716,24673281
FANCM,14,45135930,45200890
SYTL1,1,27342020,27353937
SEPTIN12,16,4777669,4788521
ULK2,17,19770829,19867936
HACE1,6,104728094,104859919
KMT2E,7,105014190,105115019
PELP1,17,4669774,4704337
ABI1,10,26746593,26861087
NLGN4X,X,5840637,6228867
RPTOR,17,80544819,80966371
CNTROB,17,7932101,7949920
CCAR2,8,22604632,22621514
THEMIS,6,127708072,127918631
ARHGAP24,4,85475150,86002668
PIAS4,19,4007736,4039386
MTURN,7,30134986,30162762
MINK1,17,4833340,4898061
KIF2B,17,53822927,53825193
CCDC82,11,96352769,96389956
AFAP1L2,10,114294824,114404756
AFAP1,4,7758714,7939926
CERS5,12,50129289,50167533
ZC3H8,2,112211529,112255136
CAMKK1,17,3860315,3894891
ZBTB2,6,151364115,151391559
GCSAM,3,112120839,112133270
SIRT6,19,4174109,4182566
CDKN2A,9,21967753,21995301
BANP,16,87949244,88077318
MLKL,16,74671855,74700960
INO80E,16,29995715,30005793
HJURP,2,233833416,233854566
CCNY,10,35247025,35572669
ABCF1,6,30571393,30597179
PIK3C3,18,41955234,42087830
SHCBP1,16,46578591,46621379
TRPV1,17,3565444,3609411
TRPV3,17,3510502,3557995
MYO3A,10,25934229,26212532
PPHLN1,12,42238447,42459715
DOCK8,9,214854,465259
NOXO1,16,1978917,1984192
FLCN,17,17212212,17237188
REPS2,X,16946658,17153272
GPRC5A,12,12890782,12917937
KNL1,15,40594020,40664342
NEK11,3,131026850,131350465
ZNRF2,7,30284597,30367689
NEDD1,12,96907223,96953777
MAFA,8,143419182,143430732
COP1,1,175944831,176207286
CDC26,9,113255835,113275572
PPP1R14C,6,150143044,150250392
GADD45GIP1,19,12953119,12957223
CEP76,18,12661833,12702777
MPLKIP,7,40126027,40134622
SMARCC2,12,56162359,56189567
ZNF420,19,37007857,37130368
DEPTOR,8,119873717,120050918
CIP2A,3,108549864,108589644
FBXO25,8,406428,477967
PNPT1,2,55634061,55693863
PREX1,20,48624252,48827999
MAPK15,8,143716340,143722458
NEK9,14,75079353,75127344
TRPM4,19,49157741,49211836
BRSK1,19,55282072,55312562
CABLES1,18,23134564,23260467
HAVCR2,5,157085832,157142869
CD300LF,17,74694311,74712978
NEK7,1,198156994,198322420
ASAP3,1,23428563,23484568
SSH3,11,67303478,67312607
GRHL3,1,24319322,24364482
CEP192,18,12991362,13125052
SMCR8,17,18315293,18328056
PARD3,10,34109560,34815325
HASPIN,17,3723903,3726699
GRK7,3,141778148,141818490
HDAC7,12,47782722,47833132
NUP133,1,229440259,229508341
PHLDA1,12,76025447,76033932
BLNK,10,96191702,96271587
CHTF18,16,788046,800737
RNF138,18,32091874,32131561
PPP1R1C,2,181954241,182131398
CKAP2,13,52455429,52476628
ATXN2L,16,28823035,28837237
ATRIP,3,48446710,48467645
ING5,2,241687085,241729478
SEPTIN1,16,30378133,30395991
JDP2,14,75427716,75474111
SSH1,12,108778191,108857590
DGCR8,22,20080232,20111877
TTN,2,178525989,178830802
TRIB2,2,12716889,12742734
SHC3,9,89005771,89178818
GBF1,10,102245532,102382899
NCSTN,1,160343316,160358952
TOPBP1,3,133598175,133662380
ELMO1,7,36854361,37449249
WASF1,6,110099819,110180004
PIK3R3,1,46040140,46133036
TSC1,9,132891348,132946874
NDRG1,8,133237171,133302022
SEPTIN8,5,132750819,132807241
DYRK2,12,67648338,67665406
SORL1,11,121452314,121633763
RSC1A1,1,15659869,15661722
ANP32B,9,97983341,98015943
RAD54L,1,46246461,46278480
ESR2,14,64084232,64338112
TFG,3,100709331,100748964
RYR2,1,237042184,237833988
HDAC2,6,113933028,114011308
DPF3,14,72619296,72894116
DPF2,11,65333852,65354262
CREBBP,16,3725054,3880713
KAT6A,8,41929479,42051994
DLG3,X,70444835,70505490
SYMPK,19,45815410,45863194
HAS2,8,121612116,121641440
FRAT1,10,97319271,97321915
RAD50,5,132556019,132646349
CELF1,11,47465933,47565569
OSTF1,9,75088514,75147265
ARHGEF1,19,41883161,41930150
UPF1,19,18831938,18868236
DAZL,3,16586792,16670306
GATA6,18,22169392,22202528
FGF14,13,101710804,102402457
GPKOW,X,49113407,49123735
MAP4K1,19,38587641,38618882
BAD,11,64269830,64284704
KHSRP,19,6413348,6424794
KCNN1,19,17951293,18000080
ARHGEF2,1,155946851,156007070
IRF7,11,612553,615983
KAT5,11,65711996,65719604
BRF1,14,105209286,105315589
DVL3,3,184155377,184173614
USP7,16,8892097,8975328
CUL5,11,108008898,108107761
STMN2,8,79610814,79666175
LPP,3,188153284,188890671
H2BC9,6,26251651,26253710
FBXW7,4,152320544,152536092
CNKSR1,1,26177484,26189884
L3MBTL2,22,41205282,41231271
ZNF622,5,16451519,16465800
WBP2,17,75845699,75856507
FBXW5,9,136940435,136944738
MRTFA,22,40410281,40636719
PPP1R14A,19,38251237,38256532
ADIPOR1,1,202940826,202958572
FERMT2,14,52857268,52952435
FUBP1,1,77944055,77979110
ACD,16,67657512,67660815
RAB37,17,74670578,74747335
AKT1S1,19,49869033,49878459
TMIGD2,19,4292232,4302431
PINX1,8,10764961,10839884
SGK3,8,66667552,66862022
EFHD2,1,15409888,15430339
PYCR2,1,225919877,225924340
PPP1R14B,11,64244479,64246943
CHMP4C,8,81732448,81759515
TIFA,4,112274537,112285904
LRRC45,17,82023305,82031151
OPTN,10,13099449,13138308
AP2M1,3,184174689,184184091
KCTD12,13,76880175,76886405
ORAI1,12,121626550,121642677
HVCN1,12,110627841,110704950
FAM122A,9,68780065,68785566
RMI2,16,11249619,11381662
RBMXL1,1,88979456,88992960
SIRT1,10,67884656,67918390
DAZAP1,19,1407569,1435687
MCRS1,12,49556544,49568145
IL17RA,22,17084954,17115694
EDC3,15,74630558,74696292
PELI1,2,64092652,64144420
CDCA5,11,65066300,65084164
NEIL1,15,75346955,75357115
OTUB1,11,63985853,64001811
AURKB,17,8204733,8210600
DOCK6,19,11199295,11262524
HES6,2,238238267,238240662
RBM17,10,6089034,6117457
AJUBA,14,22971177,22982551
LRCH3,3,197791226,197888436
PAWR,12,79574979,79690964
ITCH,20,34363241,34540748
WNK4,17,42780610,42797066
VCPIP1,8,66628487,66667231
ELMO2,20,46366050,46432985
ZFYVE19,15,40807086,40815084
PBK,8,27809624,27838082
MEGF10,5,127290796,127465737
SCYL1,11,65525077,65538704
EHMT2,6,31879759,31897687
PHACTR3,20,59577509,59847711
EGLN2,19,40798996,40808434
MARK4,19,45079288,45305284
SIGLEC10,19,51410020,51417803
BMF,15,40087890,40108892
ROBO3,11,124865432,124881471
DOCK7,1,62454298,62688386
MUS81,11,65857126,65867653
NLRP3,1,247416156,247449108
FCRL3,1,157674321,157700769
ARAP1,11,72685069,72793599
ARHGEF17,11,73308276,73369388
NOX5,15,68930525,69062762
RBM14,11,66616582,66627347
RCHY1,4,75479037,75514764
NEDD4L,18,58044226,58401540
SLITRK1,13,83877205,83882393
NEK1,4,169392857,169612629
ASB2,14,93934166,93976739
KIF20B,10,89701610,89774939
DLC1,8,13083361,13604610
FYTTD1,3,197737179,197787596
RAB3IP,12,69738681,69823204
TRPM7,15,50552473,50686797
SPAG5,17,28577565,28599025
PASK,2,241106099,241150264
NR1H4,12,100473708,100564414
CIC,19,42268537,42295797
UIMC1,5,176905005,177022633
CAMKK2,12,121237675,121298308
TGS1,8,55773446,55826445
USP28,11,113797874,113875570
TP53RK,20,46684365,46689444
RANBP9,6,13621498,13711835
CCNL2,1,1385711,1399335
SRPK1,6,35832966,35921342
DCLRE1C,10,14897359,14954432
CDK5RAP2,9,120388869,120580170
SIN3A,15,75369379,75455842
RSF1,11,77659996,77821017
PPP1R16B,20,38805697,38923024
RUFY1,5,179550554,179610012
SPEN,1,15836095,15940456
PNKP,19,49859882,49878351
UHRF1,19,4903080,4962154
NIBAN2,9,127505339,127578989
RMDN3,15,40735884,40755851
GAD1,2,170813213,170861151
CYTH2,19,48469208,48482314
TBCB,19,36114289,36125947
CNN2,19,1026586,1039068
EYA1,8,71197433,71592025
EYA3,1,27970344,28088637
SORT1,1,109309568,109397918
LGMN,14,92703807,92748679
MAP3K14,17,45263119,45317029
SCAF11,12,45919131,45992120
ELF4,X,130064874,130110716
PHB2,12,6965327,6970753
CDX2,13,27960918,27969315
RAD9A,11,67317871,67398410
PKMYT1,16,2968024,2980479
KIF2C,1,44739818,44767767
RGPD5,2,109792758,109857705
RGPD6,2,110513812,110577185
MAP3K5,6,136557046,136792477
FEZ1,11,125442881,125592568
DOK1,2,74549026,74557554
RBBP8,18,22798261,23026488
SEPTIN5,22,19714503,19724224
BARD1,2,214725646,214809683
CDC6,17,40287879,40304657
NKX3-1,8,23678697,23682938
SLC29A1,6,44219553,44234142
EPAS1,2,46293667,46386697
CIB1,15,90229975,90234047
EBNA1BP2,1,43164175,43270936
H2BC15,6,27837760,27865798
H2BC14,6,27815044,27815424
PTPN18,2,130356045,130375405
FOXC2,16,86566829,86569728
SH3GL1,19,4360370,4400547
SH3GL2,9,17579066,17797124
VRK1,14,96797382,96931722
AKAP9,7,91940867,92110673
DPYSL5,2,26847747,26950351
NCAPG,4,17810979,17844865
MAPKAP1,9,125437393,125707234
NABP2,12,56222015,56229854
WDR77,1,111439890,111449256
TUBA1C,12,49188736,49274603
MYBBP1A,17,4538897,4555631
GORASP1,3,39096659,39108363
SULT4A1,22,43824509,43862513
JPH2,20,44111695,44187578
CORO1B,11,67435510,67443821
BUD13,11,116748170,116772987
PYGO2,1,154957026,154963853
RIOK1,6,7389793,7418037
LARP6,15,70829130,70854157
SIKE1,1,114769479,114780685
TINF2,14,24239643,24242674
PIMREG,17,6444441,6451469
CCM2,7,44999475,45076469
RTKN,2,74425835,74442422
RBM42,19,35629030,35637686
RAMAC,15,82986210,82991057
ZNF692,1,248850006,248859144
MKNK1,1,46557408,46616843
ZSCAN5A,19,56219670,56368383
PDCD10,3,167683298,167734939
WRAP53,17,7686071,7703502
TRAF4,17,28744005,28750956
CEP250,20,35455164,35519280
PHF20,20,35771974,35950370
RIOK2,5,97160867,97183247
KIFC1,6,33391823,33409896
DDA1,19,17309518,17323298
RBM4,11,66638617,66668374
CDCA7,2,173354820,173368997
SSBP3,1,54225432,54413479
TRPM6,9,74722495,74888094
OSBPL11,3,125528858,125595497
RAB11FIP5,2,73073382,73156721
BBC3,19,47220822,47232766
CARD11,7,2906141,3043945
PINK1,1,20633458,20651511
SRRT,7,100875103,100888664
QTRT1,19,10701430,10713437
NUSAP1,15,41320794,41381050
FANCD2,3,10026414,10101930
PACSIN1,6,34466061,34535229
HDAC8,X,72329516,72573101
POLDIP3,22,42583721,42614962
DUSP16,12,12473282,12562863
PCGF6,10,103302796,103351144
NIFK,2,121726945,121736911
BACH2,6,89926528,90296908
IFIH1,2,162267074,162318684
RAB34,17,28714281,28718429
TBL1XR1,3,177019340,177228000
PPP1R12C,19,55090914,55117637
PRKD2,19,46674275,46717127
NIBAN1,1,184790724,184974508
FOXP3,X,49250438,49270477
TRIM9,14,50975262,51096061
TNKS1BP1,11,57299638,57324952
AMBRA1,11,46396414,46594125
UBE2O,17,76389456,76453152
TANC1,2,158968640,159232659
SRCIN1,17,38530031,38605952
BCL11B,14,99169287,99272197
NDEL1,17,8413131,8490411
DDX24,14,94048287,94081212
EGLN1,1,231363751,231422287
MCOLN1,19,7522624,7534009
ANKRD2,10,97572499,97583884
WWTR1,3,149517235,149736714
FGF23,12,4368227,4379712
AICDA,12,8602170,8612867
LAT2,7,74199652,74229834
MAF1,8,144104461,144107611
NUAK2,1,205302063,205321760
KLC2,11,66257294,66267860
XRN2,20,21303331,21389825
RACGAP1,12,49976923,50033136
SIK2,11,111602449,111730855
RBM38,20,57391396,57409333
ANAPC1,2,111611639,111884690
TRPV6,7,142871208,142885745
NUCKS1,1,205712822,205750182
RBSN,3,15070073,15099163
ISCU,12,108562582,108569384
MED28,4,17614641,17634105
CDT1,16,88803789,88809258
CARD9,9,136361903,136373681
SYT4,18,43267892,43277535
TRIOBP,22,37697048,37776556
TSPYL2,X,53082367,53088540
TAOK3,12,118149801,118372907
KCNN2,5,114055926,114496500
HIPK2,7,139561570,139777998
SLC12A5,20,46021690,46060152
TP63,3,189631389,189897276
TXNIP,1,145992435,145996579
NELFA,4,1982717,2041903
CDC42EP4,17,73283624,73312005
DNAJC5,20,63895126,63936031
DSN1,20,36751791,36773818
C1orf198,1,230837119,230869589
CUEDC2,10,102423245,102432584
MAP1LC3A,20,34546854,34560345
WNK1,12,752579,911452
GOLPH3,5,32124716,32174319
SAV1,14,50632058,50668306
DEF6,6,35297818,35321771
SENP3,17,7561919,7571969
RNF41,12,56202179,56221933
RGCC,13,41457550,41470871
ZNF768,16,30524004,30526821
CDCP1,3,45082277,45146422
TUT1,11,62575045,62591637
CCDC86,11,60842113,60851081
ILRUN,6,34587288,34696859
RANBP3,19,5916139,5978142
SH2D4A,8,19313693,19396218
PEAK1,15,77100656,77420144
PLEKHG2,19,39412669,39428415
CAAP1,9,26840685,26892803
BRD9,5,850291,892801
ZNF395,8,28345590,28402701
MOB1A,2,74152528,74178898
ECT2,3,172750682,172821474
GORASP2,2,170928464,170967130
JPT2,16,1678256,1702280
NHEJ1,2,219075317,219160865
NANOG,12,7787794,7799146
CERS4,19,8206736,8262421
NMNAT1,1,9943428,9985501
PELI2,14,56117814,56301524
CLSPN,1,35720218,35769978
UGT1A7,2,233681938,233773299
BCL2L12,19,49665142,49673916
PIDD1,11,799179,809753
FANCE,6,35452338,35467102
TRPV4,12,109783085,109833401
SGK2,20,43558968,43588237
APOBEC3G,22,39077067,39087743
SENP2,3,185582496,185633551
CENPJ,13,24882279,24922889
NEK6,9,124257606,124353307
LRRC4C,11,40114203,41459773
PDE11A,2,177623244,178072777
BRMS1,11,66337333,66345125
SH2D2A,1,156806243,156816862
GCM1,6,53126961,53148841
MLXIPL,7,73593194,73624543
SSU72,1,1541673,1574863
PNPLA8,7,108470417,108569666
POLM,7,44072062,44082530
DYNLRB1,20,34516409,34540958
PARD6A,16,67660946,67662778
LTB4R2,14,24305734,24312053
KCNK9,8,139600838,139704109
NOX4,11,89324353,89498187
DCP1A,3,53283429,53347586
CD93,20,23079360,23086324
PLCB1,20,8077251,8968360
TCF7L2,10,112950247,113167678
RTN4,2,54972187,55112621
CYLD,16,50742050,50801935
RPRD1B,20,38033725,38127780
AVEN,15,33866227,34039204
INCENP,11,62123998,62153169
KIF13B,8,29067278,29263124
PAK6,15,40217428,40277487
UTP3,4,70688532,70690551
ACSS2,20,34872146,34927962
AC048338.2,12,122207662,122227534
DIABLO,12,122207668,122227456
ARHGEF4,2,130836916,131047263
SPHK2,19,48619291,48630717
EIF4ENIF1,22,31436977,31496108
PICK1,22,38056311,38075701
DUOX1,15,45129933,45165576
SH2B1,16,28846600,28874212
CTPS2,X,16587999,16712936
SNRK,3,43286512,43424764
TUBG2,17,42659284,42667006
DISC1,1,231626815,232041272
BAZ1A,14,34752731,34875647
LATS2,13,20973036,21061586
DROSHA,5,31400497,31532196
ARHGAP35,19,46860997,47005077
PLSCR3,17,7389727,7394842
RASSF1,3,50329782,50340980
RGS18,1,192158462,192185815
TOPORS,9,32540544,32552586
RAD18,3,8775402,8963773
DIAPH3,13,59665583,60163928
SIRT3,11,215030,236931
PDS5B,13,32586452,32778019
DDX19A,16,70346861,70373383
TDP1,14,89954939,90044764
NDFIP2,13,79481124,79556075
PARVA,11,12377563,12535356
FANCI,15,89243949,89317261
ASF1B,19,14119512,14136613
FANCL,2,58159243,58241372
SLTM,15,58879050,58933679
PAG1,8,80967810,81112068
BABAM1,19,17267376,17281249
AC093012.1,12,43758944,43789543
CHCHD3,7,132784870,133082090
CWC25,17,38800441,38825355
NDE1,16,15643267,15726353
AATF,17,36948954,37056871
SPHK1,17,76376584,76387860
TERF2IP,16,75647773,75761872
DACT1,14,58633967,58648321
BCLAF1,6,136256627,136289851
MAP3K20,2,173075435,173268015
MIS18A,21,32268228,32279049
CDK12,17,39461486,39564907
RRN3,16,15060022,15094317
STMN3,20,63639705,63657682
CLIC5,6,45880827,46080348
WWOX,16,78099430,79212667
SMARCAL1,2,216412414,216483053
DTL,1,212035553,212107400
NOP53,19,47745546,47757058
CNOT2,12,70242994,70355257
NCKIPSD,3,48673844,48686364
CD274,9,5450503,5470566
OGFR,20,62804835,62814000
KCND2,7,120273175,120750337
PDP1,8,93857807,93926068
MARK1,1,220528183,220664461
PKD2L1,10,100288149,100330264
TBC1D7,6,13266542,13328583
ZBTB4,17,7459366,7484263
CCDC88C,14,91271323,91417844
ARHGAP23,17,38419280,38512385
SLAIN2,4,48341529,48426201
PAK5,20,9537389,9839041
STK26,X,132023302,132075943
CTTNBP2NL,1,112396214,112463456
IBTK,6,82169986,82247754
CHD7,8,60678740,60868028
UVRAG,11,75815210,76144232
ATXN10,22,45671798,45845307
RNF7,3,141738249,141747560
PI4KB,1,151291797,151327715
PPARGC1A,4,23755041,23904089
HDAC6,X,48801377,48824982
METTL1,12,57768471,57772119
RPS6KB2,11,67428460,67435401
GHRL,3,10285666,10292947
DBF4,7,87876216,87909553
ZMYM2,13,19958670,20091829
PPP1R1B,17,39626740,39636626
DAXX,6,33318558,33323016
STK39,2,167954020,168247595
ADD3,10,109996368,110135565
CGGBP1,3,88051944,88149885
ZRANB1,10,124942123,124988189
STAP2,19,4324043,4342786
POLL,10,101578882,101588270
KLHL3,5,137617500,137736089
SUN2,22,38734725,38794143
LIMA1,12,50175788,50283546
TBK1,12,64452092,64502114
SEPTIN9,17,77280569,77500596
IP6K2,3,48688003,48740353
USP25,21,15730025,15880069
BAIAP2L1,7,98291650,98401090
SLC12A6,15,34229784,34338060
BAZ2A,12,56595596,56636816
BAZ1B,7,73440406,73522293
ATP5IF1,1,28236109,28246906
DAPK2,15,63907036,64072033
PLXNA1,3,126988594,127037392
NAGK,2,71064344,71079808
ERRFI1,1,8004404,8026309
LEF1,4,108047545,108168956
DBNL,7,44044640,44069456
DDX41,5,177511577,177516961
CDC23,5,138187650,138213343
ANAPC7,12,110372900,110403730
ANAPC4,4,25377213,25418498
HSPB8,12,119178642,119221131
GGA1,22,37608725,37633564
STOML2,9,35099776,35103195
KCND3,1,111770662,111989155
USP21,1,161159450,161165723
AKAP11,13,42272152,42323261
MRTO4,1,19251805,19260128
APPL1,3,57227726,57278105
TLK1,2,170990823,171231314
RALY,20,33993646,34108308
FBXO5,6,152970519,152983579
FBXO4,5,41925254,41941743
HDAC9,7,18086949,19002416
ACIN1,14,23058564,23095614
AMFR,16,56361452,56425545
AGO2,8,140520156,140635633
VAV3,1,107571161,107965180
MYH2,17,10521148,10549700
NUP50,22,45163925,45188017
ZHX1,8,123248451,123275541
TBX21,17,47733236,47746122
TAOK2,16,29973868,29992261
TRPC5,X,111774315,112082776
MCTS1,X,120594010,120621159
PPP1R9A,7,94907202,95296415
CORO1C,12,108645109,108731596
HSF4,16,67164681,67169945
CBLC,19,44777869,44800652
TPX2,20,31739271,31801805
NOB1,16,69741871,69754926
FZR1,19,3506273,3538330
ALK,2,29192774,29921586
COL17A1,10,104031286,104085880
DDX19B,16,70289663,70335283
SUFU,10,102503987,102633535
DAPP1,4,99816827,99870190
NDRG2,14,21016763,21070872
FAF1,1,50437028,50960267
ABCG2,4,88090150,88231628
NSFL1C,20,1442162,1473842
SLC12A4,16,67943474,67969601
MACF1,1,39081316,39487177
CEP131,17,81189593,81222999
PHF8,X,53936676,54048958
EXOC7,17,76081016,76121576
MAPK8IP3,16,1706183,1770317
ZC3H4,19,47064187,47113776
USP24,1,55066359,55215364
SLC7A11,4,138164097,138242349
MAPRE3,2,26970637,27027219
ICK,6,53001279,53061802
SHOC2,10,110919547,111013667
SRRM2,16,2752626,2772538
PA2G4,12,56104537,56113910
BAIAP2,17,81035122,81117432
GAB2,11,78215293,78418348
SMC3,10,110567691,110604636
MAPK8IP1,11,45885651,45906465
PPP1R3C,10,91628442,91633071
HDAC5,17,44076746,44123702
CAMK2A,5,150219491,150290291
SCML2,X,18239313,18354688
ZNF148,3,125225561,125375354
TRPC6,11,101451564,101872562
PDE10A,6,165327287,165988078
PIN4,X,72181353,72302926
AKT3,1,243488233,243851079
GINS2,16,85676198,85690073
POLH,6,43576185,43620523
CHKB,22,50578949,50601455
FOXA2,20,22581005,22585455
RUVBL1,3,128064778,128153914
NUDC,1,26900238,26946871
INVS,9,100099243,100302175
FARSA,19,12922479,12934037
ASF1A,6,118894152,118909171
DRG1,22,31399604,31530634
STK38L,12,27243968,27325959
NINL,20,25452697,25585531
PIKFYVE,2,208266255,208358746
AMOTL2,3,134355874,134375479
SIK3,11,116843402,117098437
USP20,9,129834698,129881838
KDM2A,11,67119263,67258082
DDX52,17,37609739,37643446
YBX2,17,7288263,7294639
CARHSP1,16,8852942,8869012
THRAP3,1,36224432,36305357
KCNIP3,2,95297327,95386077
GIT1,17,29573469,29594054
ZNF281,1,200404940,200410056
SUGT1,13,52652709,52700909
STARD10,11,72754729,72793681
SH3GLB1,1,86704570,86748184
RNF11,1,51236273,51273447
PTRH2,17,59674636,59707626
STRAP,12,15882387,15903478
CBY1,22,38656636,38673854
HCN4,15,73319859,73368958
CHTOP,1,153633982,153646306
SAMHD1,20,36889773,36951901
DYRK1B,19,39825350,39834201
PRKAB1,12,119667864,119681624
TLN1,9,35696948,35732195
KIF3A,5,132692628,132737638
KDM3A,2,86440647,86492716
DAGLA,11,61680391,61747001
USP15,12,62260338,62417431
RAPGEF2,4,159103013,159360174
IRS2,13,109752695,109786583
GPSM3,6,32190766,32195523
ATG4B,2,241637213,241673857
TELO2,16,1493344,1510457
PPME1,11,74171267,74254703
RBM7,11,114400030,114414203
CTDP1,18,79679801,79756623
SUPT16H,14,21351476,21384019
ORC6,16,46689643,46698394
CERT1,5,75356345,75512138
RBM8A,1,145917714,145927678
USP16,21,29024629,29054488
SNX8,7,2251770,2354318
FHOD1,16,67229387,67247481
NCOR2,12,124324415,124567589
F11R,1,160995211,161021343
SLC12A7,5,1050384,1112063
MRPS18B,6,30617840,30626395
TACC3,4,1712891,1745176
ARFGEF1,8,67173511,67343781
MAD1L1,7,1815793,2233243
STK24,13,98445185,98577940
CHCHD2,7,56101573,56106476
SNCAIP,5,122311354,122464219
KCNE3,11,74454841,74467729
EPN1,19,55675226,55709858
IKBKG,X,154541199,154565046
ROBO1,3,78597239,79767998
NCOA3,20,47501887,47656877
SLC4A4,4,71062667,71572087
MAP3K4,6,160991727,161117385
WASF2,1,27404230,27490167
DUSP10,1,221701424,221742089
MORC2,22,30925130,30968774
LY96,8,73991392,74029079
